mk_individual_id,names
1,"[""יולי יואל אדלשטיין"", ""יואל אדלשטין"", ""יואל יולי אדלשטיין"", ""יולי - יואל אדלשטיין"", ""יולי אדלשטין"", ""יואל אדלשטיין""]"
2,"[""רפאל אדרי""]"
3,"[""אהוד אולמרט""]"
4,"[""אורי אור""]"
5,"[""חיים אורון""]"
6,"[""אפי אושעיה""]"
7,"[""דויד אזולאי"", ""דוד אזולאי"", ""דוד אזולי"", ""דויד אזולי""]"
8,"[""דליה איציק""]"
9,"[""מיכאל איתן""]"
10,"[""רפאל איתן""]"
11,"[""רפאל אלול""]"
12,"[""בנימין אלון""]"
13,"[""טלב אלסאנע""]"
14,"[""בינימין בגין"", ""בנימין בגין"", ""זאב בנימין בגין""]"
15,"[""פיני בדש""]"
16,"[""זאב בוים""]"
17,"[""יגאל ביבי""]"
18,"[""יוסי ביילין""]"
19,"[""נעמי בלומנטל""]"
20,"[""בנימין בן-אליעזר"", ""בנימין (פואד) בן-אליעזר""]"
21,"[""אליהו בן-אלישר""]"
22,"[""אלי בן-מנחם""]"
23,"[""שלמה בן-עמי""]"
24,"[""שמריהו בן-צור""]"
25,"[""שלמה בניזרי""]"
26,"[""רומן ברונפמן""]"
27,"[""עוזי ברעם""]"
28,"[""אהוד ברק""]"
29,"[""עזמי בשארה""]"
30,"[""אליהו גבאי""]"
31,"[""תמר גוז'נסקי"", ""תמר גוז`נסקי""]"
32,"[""מיכה גולדמן""]"
33,"[""אלי גולדשמידט""]"
34,"[""אריה גמליאל""]"
35,"[""משה גפני"", ""רפאל משה גפני""]"
36,"[""עבד-אלמאלכ דהאמשה""]"
37,"[""נסים דהן""]"
38,"[""חיים דיין""]"
39,"[""יעל דיין""]"
40,"[""עבד-אלוהב דראושה"", ""עבד-אלוהאב דראושה""]"
41,"[""אריה מכלוף דרעי""]"
42,"[""אברהם הירשזון""]"
43,"[""שמואל הלפרט""]"
44,"[""זבולון המר""]"
45,"[""צחי הנגבי""]"
46,"[""צבי הנדל""]"
47,"[""יהודה הראל""]"
48,"[""צבי ויינברג""]"
49,"[""שבח וייס""]"
50,"[""יצחק וקנין""]"
51,"[""רחבעם זאבי""]"
52,"[""נסים זוילי""]"
53,"[""עמנואל זיסמן""]"
54,"[""אליעזר זנדברג""]"
55,"[""רפיק חאג` יחיא"", ""רפיק חג' יחיא""]"
56,"[""נעמי חזן""]"
57,"[""תאופיק ח`טיב"", ""תאופיק חטיב""]"
58,"[""דוד טל""]"
59,"[""סאלח טריף""]"
60,"[""יונה יהב""]"
61,"[""שאול יהלום""]"
62,"[""אברהם יחזקאל""]"
63,"[""אליהו ישי""]"
64,"[""כבל איתן"", ""איתן כבל""]"
65,"[""יצחק כהן""]"
66,"[""רן כהן""]"
67,"[""רענן כהן""]"
68,"[""יוסי כץ""]"
69,"[""ישראל כץ""]"
70,"[""לימור לבנת""]"
71,"[""אלכסנדר לובוצקי""]"
72,"[""דוד לוי""]"
73,"[""יצחק לוי""]"
74,"[""מקסים לוי""]"
75,"[""דוד ליבאי""]"
76,"[""אברהם יוסף לייזרזון"", ""אברהם לייזרזון""]"
77,"[""עוזי לנדאו""]"
78,"[""סופיה לנדוור"", ""סופיה לנדבר"", ""סוניה לנדבר"", ""סופה לנדבר"", ""(סוניה) סופיה לנדבר""]"
79,"[""יהודה לנקרי""]"
80,"[""ענת מאור""]"
81,"[""אדיסו מאסלה""]"
82,"[""דוד מגן (מונסוניגו)"", ""דוד מגן""]"
83,"[""האשם מחאמיד""]"
84,"[""חגי מירום""]"
85,"[""נואף מסאלחה""]"
86,"[""יהושע מצא""]"
87,"[""יצחק מרדכי""]"
88,"[""דן מרידור""]"
89,"[""מיכאל נודלמן""]"
90,"[""בנימין נתניהו"", ""בינימין נתניהו""]"
91,"[""מרינה סולודקין""]"
92,"[""סלומיאנסקי ניסן"", ""ניסן סלומיאנסקי"", ""ניסן סלומינסקי""]"
93,"[""סאלח סלים""]"
94,"[""אפרים סנה""]"
95,"[""אחמד סעד""]"
96,"[""גדעון עזרא""]"
97,"[""שאול עמור""]"
98,"[""אברהם פורז""]"
99,"[""חנן פורת""]"
100,"[""אופיר פינס-פז""]"
101,"[""משה פלד""]"
102,"[""רפאל פנחסי""]"
103,"[""מאיר פרוש""]"
104,"[""שמעון פרס""]"
105,"[""עמיר ארמנד פרץ"", ""עמיר פרץ"", ""אמיר פרץ""]"
106,"[""ווליד חאג` יחיא (צאדק)"", ""וליד צאדק חאג'-יחיא""]"
107,"[""דוד צוקר""]"
108,"[""אביגדור קהלני""]"
109,"[""מיכאל קליינר""]"
110,"[""משה קצב""]"
111,"[""דוד ראם""]"
112,"[""אברהם רביץ""]"
113,"[""אמנון רובינשטיין""]"
114,"[""ראובן ריבלין""]"
115,"[""חיים רמון""]"
116,"[""אבנר חי שאקי"", ""אבנר-חי שאקי""]"
117,"[""אברהם-בייגה שוחט"", ""אברהם בייגה שוחט""]"
118,"[""משה שחל""]"
119,"[""מאיר שטרית""]"
120,"[""אברהם שטרן""]"
121,"[""יורי שטרן""]"
122,"[""סילבן שלום""]"
123,"[""שלום שמחון""]"
124,"[""דורון שמואלי""]"
125,"[""אריאל שרון""]"
126,"[""יוסי שריד""]"
127,"[""נתן שרנסקי""]"
128,"[""דן תיכון""]"
129,"[""אחמד א'-דאהר"", ""אחמד א-ד`אהר""]"
130,"[""שמואל אביטל""]"
131,"[""יוסף (יוסי) אחימאיר"", ""יוסף אחימאיר""]"
132,"[""שולמית אלוני""]"
133,"[""אסעד אסעד""]"
134,"[""נאוה ארד""]"
135,"[""יוסף בא-גד""]"
136,"[""שלמה בוחבוט""]"
137,"[""אברהם בורג""]"
138,"[""שאול גוטמן""]"
139,"[""אלכס גולדפרב""]"
140,"[""מרדכי (מוטה) גור (גורבן)"", ""מרדכי גור""]"
141,"[""אפרים גור""]"
142,"[""גדליה גל""]"
143,"[""אלי דיין""]"
144,"[""אריאל ויינשטיין"", ""אריאל וינשטיין""]"
145,"[""יוסף ונונו""]"
146,"[""אברהם ורדיגר""]"
147,"[""תופיק זיאד"", ""תאופיק זיאד""]"
148,"[""חנא חדד"", ""חנא חדאד""]"
149,"[""מיכאל חריש""]"
150,"[""בנימין טמקין""]"
152,"[""מאשה לובלסקי""]"
153,"[""יורם לס""]"
154,"[""משה מאיה""]"
155,"[""רוני מילוא""]"
156,"[""דוד מנע""]"
157,"[""רון נחמן""]"
158,"[""אורה נמיר""]"
159,"[""משה נסים""]"
160,"[""אסתר סלמוביץ""]"
161,"[""עובדיה עלי""]"
162,"[""יוסף עזרן""]"
163,"[""יצחק חיים פרץ"", ""יצחק-חיים פרץ""]"
164,"[""גדעון פת""]"
165,"[""יאיר צבן""]"
166,"[""חיים קופמן""]"
167,"[""ישראל קיסר""]"
168,"[""יצחק רבין""]"
169,"[""מיכאל רצון""]"
170,"[""גונן שגב""]"
171,"[""גדעון שגיא""]"
172,"[""שמעון שטרית""]"
173,"[""דב שילנסקי""]"
174,"[""יעקב שמאי""]"
175,"[""יצחק שמיר""]"
176,"[""יעקב שפי""]"
177,"[""אברהם יוסף שפירא"", ""אברהם שפירא""]"
178,"[""אהרן אבוחצירא""]"
179,"[""מחמוד א-נאשף"", ""מחמוד אנאשף""]"
180,"[""חמאד אבו-רביעה""]"
181,"[""אהרן ידלין""]"
182,"[""אסף יגורי""]"
183,"[""מנחם ידיד""]"
184,"[""יגאל ידין"", ""יגאל ידין (סוקניק)""]"
185,"[""חיים יהודה""]"
186,"[""צבי יהודה (זלצמן)"", ""צבי יהודה""]"
187,"[""שמשון יוניצ'מן"", ""שמשון יוניצ`מן""]"
188,"[""דב יוסף"", ""דב (ברנארד) יוסף (ג`וזף)""]"
189,"[""יעקב יוסף""]"
190,"[""גיורא יוספטל""]"
191,"[""סנטה יוספטל"", ""סנטה יוספטל (פונדוב)""]"
192,"[""נתן ילין-מור (פרידמן)"", ""נתן ילין-מור""]"
193,"[""גד יעקבי""]"
194,"[""זבולון אורלב""]"
196,"[""ויקטור בריילובסקי""]"
197,"[""מוחמד ברכה""]"
198,"[""יצחק גאגולה""]"
199,"[""חוסניה ג`בארה"", ""חוסניה ג'בארה""]"
200,"[""אילן גילאון"", ""אילן גלאון""]"
201,"[""גלאון זהבה"", ""זהבה גלאון""]"
202,"[""חיים דרוקמן""]"
203,"[""אבשלום וילן"", ""אבשלום (אבו) וילן""]"
204,"[""מתן וילנאי""]"
205,"[""ויצמן שירי""]"
206,"[""נסים זאב""]"
207,"[""עופר חוגי""]"
208,"[""אחמד טיבי""]"
209,"[""אליעזר כהן""]"
210,"[""אמנון כהן""]"
211,"[""מוחמד כנעאן""]"
212,"[""חיים כץ""]"
213,"[""מלכה ציפורה ציפי לבני"", ""ציפורה לבני"", ""ציפי לבני"", ""ציפי ליבני"", ""ציפורה ליבני""]"
214,"[""אביגדור ליברמן""]"
215,"[""אמנון ליפקין-שחק""]"
216,"[""יעקב ליצמן""]"
217,"[""יוסף (טומי) לפיד""]"
218,"[""עסאם מח'ול"", ""עסאם מח`ול""]"
219,"[""רחמים מלול""]"
220,"[""מיכאל מלכיאור""]"
221,"[""יהודית נאות""]"
222,"[""משולם נהרי""]"
223,"[""דני נוה""]"
224,"[""אוריאל סביר"", ""אורי סביר""]"
225,"[""יצחק סבן""]"
226,"[""אליהו סויסה""]"
227,"[""יוסף יצחק פריצקי""]"
228,"[""יאיר פרץ""]"
229,"[""אלכסנדר צינקר""]"
230,"[""איוב קרא""]"
231,"[""דליה רבין-פילוסוף""]"
232,"[""גנדי ריגר""]"
233,"[""לביב חוסיין אבו-רוכן"", ""לביב אבו-רוכן""]"
234,"[""אליעזר אבטבי""]"
235,"[""מאיר אביזוהר""]"
236,"[""אבא (אוברי) אבן (איבן)"", ""אבא אבן""]"
237,"[""בנימין אבניאל"", ""בנימין אבניאל (גטשטיין)""]"
238,"[""אורי אבנרי (אוסטרמן)"", ""אורי אבנרי""]"
239,"[""אהוד אבריאל (איבראל)"", ""אהוד אבריאל""]"
240,"[""שניאור זלמן אברמוב""]"
241,"[""יהודה-מאיר אברמוביץ"", ""יהודה מאיר אברמוביץ""]"
242,"[""אהרן אוזן""]"
243,"[""מרדכי אולמרט""]"
245,"[""משה אונא""]"
246,"[""יעקב אורי (זסלבסקי)"", ""יעקב אורי""]"
247,"[""ברוך אזניה (אייזנשטדט)"", ""ברוך אזניה""]"
248,"[""בבה אידלסון"", ""בבה אידלסון (טרכטנברג)""]"
249,"[""עזרא איכילוב""]"
250,"[""פייגה אילנית (הינדס)"", ""אילנית פייגה""]"
251,"[""סיף א-דין א-זועבי"", ""סיף-אלדין אלזועבי""]"
252,"[""מרדכי אלגרבלי""]"
253,"[""צבי אלדרוטי""]"
254,"[""אריה אלטמן""]"
255,"[""אריה לובה אליאב"", ""אריה לובה אליאב (ליפשיץ)""]"
256,"[""שלמה אליהו (אליה)"", ""שלמה אליהו""]"
257,"[""נסים אליעד"", ""נסים אליעד (אמסלם)""]"
258,"[""אליהו אלישר""]"
259,"[""יוסף-אהרון אלמוגי"", ""יוסף-אהרן אלמוגי (קרלנבויים)""]"
260,"[""אברהם אלמליח""]"
261,"[""עדיאל אמוראי""]"
262,"[""יעקב-ז'אק אמיר"", ""יעקב ז`אק אמיר (אמזלג)""]"
263,"[""ארי אנקוריון"", ""ארי אנקוריון (וולוביצקי)""]"
264,"[""ירחמיאל אסא"", ""ירחמיאל אסא (אסאילוב)""]"
265,"[""שפיק אסעד""]"
266,"[""עמי אסף (וילקומיץ`)"", ""עמי אסף""]"
267,"[""אהרון אפרת (פיקס)"", ""אהרון אפרת""]"
268,"[""יוסף אפרתי"", ""יוסף אפרתי (גריבר)""]"
269,"[""שושנה ארבלי-אלמוזלינו""]"
270,"[""מאיר ארגוב"", ""מאיר ארגוב (גרבובסקי)""]"
271,"[""בנימין ארדיטי""]"
272,"[""ראובן ארזי"", ""ראובן ארזי (צדרבוים)""]"
273,"[""חיים אריאב (קרופסקי)"", ""חיים אריאב""]"
274,"[""יורם ארידור (ליברמן)"", ""יורם ארידור""]"
275,"[""שמחה ארליך""]"
276,"[""משה ארם (קזנובסקי)"", ""משה ארם""]"
277,"[""זלמן ארן (אהרונוביץ`)"", ""זלמן ארן""]"
278,"[""משה ארנס""]"
279,"[""יצחק ארצי"", ""יצחק ארצי (הרציג)""]"
280,"[""תמר אשל (שוהם)"", ""תמר אשל""]"
281,"[""ידידיה בארי"", ""ידידיה בארי (טיפנברון)""]"
282,"[""שמחה בבה""]"
283,"[""אליקים-גוסטב בדיאן""]"
284,"[""יוחנן בדר""]"
285,"[""מנחם בדר""]"
286,"[""אריה בהיר"", ""אריה בהיר (גלר)""]"
287,"[""חיים בוגר"", ""חיים בוגר (בוגרשוב)""]"
288,"[""יוסף בורג""]"
289,"[""שמעון בז`רנו"", ""שמעון בז'רנו""]"
290,"[""מרדכי ביבי""]"
291,"[""אברהם ביטון""]"
292,"[""צ'רלי ביטון"", ""צ`רלי-שלום ביטון""]"
293,"[""נפתלי בלומנטל""]"
294,"[""יצחק בן-אהרן"", ""יצחק בן-אהרן (נוסבוים)""]"
295,"[""אריה בן-אליעזר"", ""אריה בן-אליעזר (זברובסקי)""]"
296,"[""חיים בן-אשר"", ""חיים בן-אשר (פינקל)""]"
297,"[""זלמן בן-יעקב (ינקלביץ`)"", ""זלמן בן-יעקב""]"
298,"[""גדעון בן-ישראל (פריזר)"", ""גדעון בן-ישראל""]"
299,"[""דב בן-מאיר"", ""דב בן-מאיר (צוקר)""]"
300,"[""יהודה בן-מאיר"", ""יהודה בן-מאיר (רוזנברג)""]"
301,"[""שלמה ישראל בן-מאיר (רוזנברג)"", ""שלמה-ישראל בן-מאיר""]"
302,"[""משה בן-עמי""]"
303,"[""מרדכי בן-פורת"", ""מרדכי בן-פורת (קזז)""]"
304,"[""שמעון בן-שלמה""]"
305,"[""מרדכי בנטוב"", ""מרדכי בנטוב (גוטגלד)""]"
306,"[""רוסתם בסתוני"", ""רוסתם בסטוני""]"
307,"[""אהרן בקר""]"
308,"[""מרדכי בר-און""]"
309,"[""מיכאל בר-זוהר (יולוזרי)"", ""מיכאל בר-זהר""]"
310,"[""ישראל בר-יהודה (אידלסון)"", ""ישראל בר-יהודה""]"
311,"[""חיים בר-לב"", ""חיים בר-לב (ברוצלבסקי)""]"
312,"[""דב (ברנארד) בר-ניר (זילברשץ)"", ""דב בר-ניר""]"
313,"[""דוד בר-רב-האי (בורובוי)"", ""דוד בר-רב-האי""]"
314,"[""הרצל ברגר""]"
315,"[""ישראל ברזילי (אייזנברג)"", ""ישראל ברזילי""]"
316,"[""אברהם (אדולף) ברמן"", ""אברהם ברמן""]"
317,"[""יצחק ברמן""]"
318,"[""פרץ ברנשטיין"", ""פרץ (פריץ) ברנשטיין""]"
319,"[""משה ברעם""]"
320,"[""יוסף ברץ""]"
321,"[""ראובן ברקת (בורשטיין)"", ""ראובן ברקת""]"
322,"[""רפאל בש""]"
323,"[""חליל-סלים ג`בארה"", ""חליל-סלים ג'בארה""]"
324,"[""חיים גבתי (סוישץ`)"", ""חיים גבתי""]"
325,"[""גדעון גדות"", ""גדעון גדות (פורמן)""]"
326,"[""עקיבא גוברין (גלובמן-חיות)"", ""עקיבא גוברין""]"
327,"[""יוסף גולדברג""]"
328,"[""אברהם יהודה גולדראט"", ""אברהם גולדרט""]"
329,"[""אהרן גולדשטיין""]"
330,"[""פנחס גולדשטיין""]"
331,"[""יוסף גולדשמידט""]"
332,"[""דוד גולומב""]"
333,"[""יצחק גולן"", ""יצחק גולן (גולדשטיין)""]"
334,"[""ישראל גורי"", ""ישראל גורי (גורפינקל)""]"
335,"[""שרגא גורן (גורוחובסקי)"", ""שרגא גורן""]"
336,"[""מטילדה גז""]"
337,"[""אברהם גיבלבר""]"
338,"[""יעקב גיל (גילה)"", ""יעקב גיל""]"
339,"[""יעקב גיל"", ""יעקב גיל (ליפשיץ)""]"
340,"[""זכריה גלוסקא""]"
341,"[""מרים גלזר-תעסה""]"
342,"[""ישראל גלילי (ברצ`נקו)"", ""ישראל גלילי""]"
343,"[""דוד גלס""]"
344,"[""אליהו משה גנחובסקי"", ""אליהו-משה גנחובסקי""]"
345,"[""אמין ג'רג'ורה"", ""אמין-סלים ג`רג`ורה""]"
346,"[""שלמה-יעקב גרוס"", ""שלמה יעקב גרוס""]"
347,"[""חייקה גרוסמן"", ""חייקה גרוסמן-אורקין""]"
348,"[""פסח גרופר""]"
349,"[""שמעון גרידי""]"
350,"[""אהרן יעקב גרינברג"", ""אהרן-יעקב גרינברג""]"
351,"[""אורי-צבי גרינברג"", ""אורי צבי גרינברג""]"
352,"[""אברהם גרנות"", ""אברהם גרנות (גרנובסקי)""]"
353,"[""אלעזר גרנות""]"
354,"[""צבי גרשוני""]"
355,"[""עמוס דגני""]"
356,"[""יחיאל דובדבני"", ""יחיאל דובדבני (ויינשל)""]"
357,"[""אברהם דויטש""]"
358,"[""שבתאי דון-יחיא (דניאל)"", ""שבתאי דון-יחיא""]"
359,"[""שרה דורון""]"
360,"[""יוסף דיאב""]"
361,"[""שלמה דיין""]"
362,"[""שמואל דיין""]"
363,"[""בן-ציון דינור (דינבורג)"", ""בן-ציון דינור""]"
364,"[""שמחה דיניץ""]"
365,"[""צבי דינשטיין""]"
366,"[""ליאון דיציאן""]"
367,"[""דוד דנינו""]"
368,"[""מיכאל דקל"", ""מיכאל דקל (דייקסל)""]"
369,"[""מתתיהו דרובלס""]"
370,"[""אברהם דרורי"", ""אברהם דרורי (קוז`ינסקי)""]"
371,"[""חסיה דרורי"", ""חסיה דרורי (קופפרמינץ)""]"
372,"[""יהודה (יודין) דרניצקי""]"
373,"[""גדעון האוזנר""]"
374,"[""עמוס הדר"", ""עמוס הדר (הורביץ)""]"
375,"[""יגאל הורביץ""]"
376,"[""דוד הכהן""]"
377,"[""מנחם הכהן""]"
378,"[""אליהו הכרמלי"", ""אליהו הכרמלי (לולו)""]"
379,"[""בנימין הלוי""]"
380,"[""שלמה הלל""]"
381,"[""יחזקאל הן""]"
382,"[""אליקים (גיאורג) העצני (בומבך)"", ""אליקים העצני""]"
383,"[""רות הקטין""]"
384,"[""אהרן הראל (גרבוז)"", ""אהרן הראל""]"
385,"[""איסר הראל (הלפרין)"", ""איסר הראל""]"
386,"[""בן-ציון הראל"", ""בן-ציון הראל (הירשוביץ)""]"
387,"[""זאב הרינג""]"
388,"[""אסתר הרליץ""]"
389,"[""זינה הרמן (שטרן)"", ""זינה הרמן""]"
390,"[""נטע הרפז (גולדברג)"", ""נטע הרפז""]"
391,"[""חיים הרצוג""]"
392,"[""אברהם הרצפלד"", ""אברהם הרצפלד (פוסטרלקו)""]"
393,"[""יזהר הררי""]"
394,"[""אסתר וילנסקה""]"
395,"[""מאיר וילנר"", ""מאיר וילנר (קובנר)""]"
396,"[""מרדכי וירשובסקי""]"
397,"[""אליעזר ולדמן""]"
398,"[""זרח ורהפטיג""]"
399,"[""זאב (סטף) ורטהיימר"", ""זאב ורטהיימר""]"
400,"[""משה ורטמן""]"
401,"[""מחמד ותד"", ""מוחמד ותד""]"
402,"[""ערי ז'בוטינסקי""]"
403,"[""פריג'ה זוארץ"", ""פריג`א זוארץ""]"
404,"[""עבדול-עזיז זועבי"", ""עבד אל-עזיז א-זועבי""]"
405,"[""מאיר זורע"", ""מאיר זורע (זארודינסקי)""]"
406,"[""יצחק זיגר""]"
407,"[""דרור זייגרמן""]"
408,"[""הלל זיידל""]"
409,"[""אברהם זילברברג""]"
410,"[""שלום זיסמן""]"
411,"[""יחזקאל זכאי""]"
412,"[""דב זכין""]"
413,"[""מרדכי זר""]"
414,"[""אמיל חביבי""]"
415,"[""אבא חושי"", ""אבא חושי (שנלר)""]"
416,"[""יעקב חזן""]"
417,"[""יעקב מיכאל חזני (קנטרוביץ`)"", ""מיכאל חזני""]"
418,"[""חמד חלאילה""]"
419,"[""בן-ציון חלפון""]"
420,"[""פארס חמדאן""]"
421,"[""יוסוף ח`מיס"", ""יוסף חמיס""]"
422,"[""סאלח חניפס"", ""סאלח-חסן ח`ניפס""]"
423,"[""אשר חסין""]"
424,"[""משה חריף""]"
425,"[""יהודה חשאי""]"
426,"[""נחום חת""]"
427,"[""אברהם טביב""]"
428,"[""יצחק טבנקין""]"
429,"[""ז'ניה טברסקי"", ""ז`ניה טברסקי""]"
430,"[""תופיק טובי""]"
431,"[""שמואל טולידאנו"", ""שמואל טולידנו""]"
432,"[""אברהם טיאר""]"
433,"[""מאיר יערי (וולד)"", ""מאיר יערי""]"
434,"[""אביעד יפה""]"
435,"[""אברהם יפה""]"
436,"[""יהונתן יפרח""]"
437,"[""יצחק יצחקי""]"
438,"[""יצחק יצחקי (לישבסקי)"", ""יצחק יצחקי""]"
439,"[""גדי יציב""]"
440,"[""אהרן יריב"", ""אהרן יריב (רבינוביץ`)""]"
441,"[""ישראל ישעיהו-שרעבי""]"
442,"[""אידוב כהן""]"
443,"[""בנו כהן""]"
444,"[""גאולה כהן""]"
445,"[""גבריאל כהן""]"
446,"[""יגאל כהן""]"
447,"[""יוחנן כהן""]"
448,"[""מנחם כהן""]"
449,"[""שלום כהן""]"
450,"[""מאיר כהן-אבידב""]"
451,"[""יגאל כהן-אורגד""]"
452,"[""רחל כהן-כגן (לוברסקי)"", ""רחל כהן-כגן""]"
453,"[""חיים כהן-מגורי""]"
454,"[""שלמה כהן-צידון""]"
455,"[""מאיר כהנא""]"
456,"[""קלמן כהנא""]"
457,"[""אברהם כלפון""]"
458,"[""שמעון כנוביץ"", ""שמעון כנוביץ`""]"
459,"[""יונה כסה (קוסוי)"", ""יונה כסה""]"
460,"[""שרה כפרית""]"
461,"[""אברהם כץ""]"
462,"[""זאב כץ""]"
463,"[""יעקב כץ"", ""יעקב כ”ץ""]"
464,"[""שמואל כץ""]"
465,"[""אברהם כץ-עוז"", ""אברהם כ”ץ-עוז""]"
466,"[""בת-שבע כצנלסון""]"
467,"[""משה כרמל (זליצקי)"", ""משה כרמל""]"
468,"[""פנחס לבון"", ""פנחס לבון (לוביאניקר)""]"
469,"[""שלמה לביא"", ""שלמה לביא (לבקוביץ`)""]"
470,"[""אברהם לבנבראון""]"
471,"[""איתן לבני""]"
472,"[""מאיר דוד לוונשטיין"", ""מאיר-דוד לוונשטיין""]"
473,"[""קדיש לוז"", ""קדיש לוז (לוזינסקי)""]"
474,"[""דניאל יצחק לוי""]"
475,"[""יאיר לוי""]"
476,"[""סטלה לוי""]"
477,"[""יצחק מאיר לוין"", ""יצחק-מאיר לוין""]"
478,"[""נחום לוין""]"
479,"[""שלום לוין""]"
480,"[""ברל לוקר""]"
481,"[""שלמה לורינץ""]"
482,"[""אליעזר ליבנה"", ""אליעזר ליבנה (ליבנשטיין)""]"
483,"[""דוד ליבשיץ""]"
484,"[""אוריאל לין"", ""אוריאל לין (אסולין)""]"
485,"[""אמנון לין"", ""אמנון לין (לינקובסקי)""]"
486,"[""ציטה לינקר""]"
487,"[""יוסף מיכאל לם"", ""יוסף לם""]"
488,"[""חנה למדן"", ""חנה למדן (לרנר)""]"
489,"[""חיים לנדאו""]"
490,"[""אליהו לנקין""]"
491,"[""צפורה לסקוב"", ""ציפורה לסקוב""]"
492,"[""יחיאל לקט""]"
493,"[""יצחק מודעי"", ""יצחק מודעי (מדזוביטש)""]"
494,"[""בועז מואב""]"
495,"[""חנא מוויס""]"
496,"[""אליהו מויאל""]"
497,"[""ג'בר מועדי"", ""ג`בר מועדי""]"
498,"[""דוד מור""]"
499,"[""אליעזר מזרחי""]"
500,"[""אליהו מזור""]"
501,"[""יעקב מזרחי""]"
502,"[""דב מילמן""]"
503,"[""יהודה לייב מימון (פישמן)"", ""יהודה לייב מימון""]"
504,"[""עדה מימון"", ""עדה מימון (פישמן)""]"
505,"[""בנימין מינץ""]"
506,"[""מוחמד מיעארי""]"
507,"[""שמואל מיקוניס""]"
508,"[""אברהם מלמד""]"
509,"[""משה מרון (סגל)"", ""משה מרון""]"
510,"[""אליהו מרידור"", ""אליהו מרידור (וירז`בולובסקי)""]"
511,"[""יעקב מרידור"", ""יעקב מרידור (ויניארסקי)""]"
512,"[""שמואל מרלין""]"
513,"[""סעדיה מרציאנו""]"
514,"[""ירוחם משל""]"
515,"[""יובל נאמן""]"
516,"[""עקיבא נוף"", ""עקיבא נוף (נפרסטק)""]"
517,"[""מרדכי נורוק"", ""מרדכי (מקס) נורוק""]"
519,"[""יעקב נחושתן (צ`לבי)"", ""יעקב נחושתן""]"
520,"[""אליאס נח`לה"", ""אליאס נחלה""]"
521,"[""אהרן נחמיאס"", ""אהרן רפאל נחמיאס""]"
522,"[""אריה נחמקין""]"
523,"[""יעקב ניצני (צ`יצ`ק)"", ""יעקב ניצני""]"
524,"[""נחום ניר (רפאלקס)"", ""נחום ניר-רפאלקס""]"
525,"[""מרדכי נמיר (נמירובסקי)"", ""מרדכי נמיר""]"
526,"[""אמל נסראלדין""]"
527,"[""רענן נעים""]"
528,"[""מוחמד נפאע""]"
529,"[""פרץ (פריץ) נפתלי"", ""פרץ נפתלי""]"
530,"[""דבורה נצר (נוסוביסצקי)"", ""דבורה נצר""]"
531,"[""משה-צבי נריה"", ""צבי-משה נריה""]"
532,"[""אורי סבג""]"
533,"[""מנחם סבידור"", ""מנחם סבידור (חודורובסקי)""]"
534,"[""דוב סדן (שטוק)"", ""דב סדן""]"
535,"[""זלמן סוזאיב"", ""זלמן סוזאייב""]"
536,"[""רפאל סויסה"", ""רפאל סוויסה""]"
537,"[""עדנה סולודר""]"
538,"[""מרדכי סורקיס""]"
539,"[""אברהם סטופ""]"
540,"[""סאלח סלימאן"", ""צלאח סלימאן""]"
541,"[""יזהר סמילנסקי""]"
542,"[""משה סנה (קליינבוים)"", ""משה סנה""]"
543,"[""טובה סנהדראי""]"
544,"[""יוסף ספיר""]"
545,"[""פנחס ספיר"", ""פנחס ספיר (קוזלובסקי)""]"
546,"[""משה סרדינס""]"
547,"[""אמירה סרטני""]"
548,"[""יוסף סרלין""]"
549,"[""אברהם עבאס""]"
550,"[""דיאב עוביד""]"
551,"[""ברוך עוזיאל""]"
552,"[""אברהם עופר (הירש)"", ""אברהם עופר""]"
553,"[""מרדכי עופר"", ""מרדכי עופר (קסבינר)""]"
554,"[""זיידאן עטשי""]"
555,"[""משה עמאר""]"
556,"[""מאיר עמית (סלוצקי)"", ""מאיר עמית""]"
557,"[""שלמה חיים עמר"", ""שלמה עמר""]"
558,"[""חסיין חוסיין פארס"", ""חסיין פארס""]"
559,"[""נפתלי פדר""]"
560,"[""ישעיהו פורדר""]"
561,"[""עדה פיינברג-סירני""]"
562,"[""עוזי פיינרמן""]"
563,"[""יוסף פישר""]"
564,"[""שמואל פלאטו-שרון"", ""שמואל פלאטו-שרון (שייביץ`)""]"
565,"[""מתתיהו פלד (איפלנד)"", ""מתתיהו פלד""]"
566,"[""נתן פלד (פרידל)"", ""נתן פלד""]"
567,"[""משה זאב פלדמן"", ""משה-זאב פלדמן""]"
568,"[""ראובן פלדמן""]"
569,"[""יחזקאל פלומין""]"
570,"[""ג'ורג' פלש"", ""ג`ורג` פלש""]"
571,"[""דוד צבי פנקס"", ""דוד-צבי פנקס""]"
572,"[""מאיר פעיל"", ""מאיר פעיל (פילבסקי)""]"
573,"[""השל פרומקין""]"
574,"[""יהודה פרח""]"
575,"[""אליעזר פרי (וילדר-פראי)"", ""אליעזר פרי""]"
576,"[""מרשה פרידמן""]"
577,"[""שמחה פרידמן""]"
578,"[""שלמה פרלשטיין""]"
579,"[""אליעזר פרמינגר""]"
580,"[""יעקב פרנק""]"
581,"[""שושנה פרסיץ""]"
582,"[""יצחק פרץ""]"
583,"[""דוד פתל""]"
584,"[""רחל צברי""]"
585,"[""חיים יוסף צדוק"", ""חיים יוסף צדוק (וילקנפלד)""]"
586,"[""זאב צור (שטיין)"", ""זאב צור""]"
587,"[""יעקב צור"", ""יעקב צור (שטיינברג)""]"
588,"[""צבי צור"", ""צבי (צ`רה) צור (צ`רטנקו)""]"
589,"[""יואש צידון"", ""יואש צידון (צ`אטו)""]"
590,"[""אהרן ציזלינג""]"
591,"[""צבי צימרמן""]"
592,"[""מרדכי צפורי-הנדין"", ""מרדכי צפורי (הנקוביץ`-הנדין)""]"
593,"[""משה קול"", ""משה קול (קולודני)""]"
594,"[""אליעזר קולס""]"
595,"[""הלל קוק"", ""הלל (פיטר) קוק (ברגסון)""]"
596,"[""דוד קורן""]"
597,"[""יצחק קורן""]"
598,"[""חיים קורפו""]"
599,"[""יוסף קושניר""]"
600,"[""יעקב קליבנוב""]"
601,"[""יצחק הנס קלינגהופר"", ""יצחק-הנס קלינגהופר""]"
602,"[""משה קלמר""]"
603,"[""ברוך קמין"", ""ברוך קמין (קמינקר)""]"
604,"[""יצחק קנב"", ""יצחק קנב (קניבסקי)""]"
605,"[""מסעד קסיס""]"
606,"[""אליעזר קפלן""]"
607,"[""נוזהת קצב""]"
608,"[""ישראל קרגמן""]"
609,"[""יוסף קרמרמן""]"
610,"[""בן-ציון קשת"", ""בן-ציון קשת (קצנלנבוגן)""]"
611,"[""יהושע רבינוביץ`"", ""יהושע רבינוביץ""]"
612,"[""בן-ציון רובין""]"
613,"[""חנן (הנס) רובין"", ""חנן רובין""]"
614,"[""דניאל רוזוליו""]"
615,"[""פנחס רוזן"", ""פנחס (פליקס) רוזן (רוזנבליט)""]"
616,"[""שלמה רוזן""]"
617,"[""יוסף רום"", ""יוסף רום (רבינוביץ`)""]"
618,"[""אמרי רון""]"
619,"[""אליעזר רונן"", ""אליעזר רונן (רוזנפלד)""]"
620,"[""ישראל רוקח""]"
621,"[""נחמן רז"", ""נחמן רז (ריז`יק)""]"
622,"[""אסתר רזיאל-נאור""]"
623,"[""מיכאל רייסר""]"
624,"[""אלימלך שמעון רימלט"", ""אלימלך-שמעון רימלט""]"
625,"[""יעקב ריפתין""]"
626,"[""שמואל רכטמן""]"
627,"[""אהרן רמז""]"
628,"[""דוד רמז (דרבקין)"", ""דוד רמז""]"
629,"[""צבי רנר""]"
630,"[""יצחק רפאל""]"
631,"[""ברל רפטור""]"
632,"[""מנחם רצון""]"
633,"[""אברהם רקנטי""]"
634,"[""אברהם חיים שאג"", ""אברהם חיים שאג (צוובנר)""]"
635,"[""שלום אברהם שאקי""]"
636,"[""יהושע שגיא"", ""יהושע שגיא (ברמן)""]"
637,"[""זלמן שובל (פינקלשטיין)"", ""זלמן שובל""]"
638,"[""אליעזר שוסטק""]"
639,"[""יוסף שופמן""]"
640,"[""גרשום שוקן""]"
641,"[""שמואל שורש (שטרנברג)"", ""שמואל שורש""]"
642,"[""בנימין שחור""]"
643,"[""בכור-שלום שיטרית"", ""בכור שלום שטרית""]"
644,"[""דוד שטרן""]"
645,"[""מרדכי חיים שטרן"", ""מרדכי-חיים שטרן""]"
646,"[""שרה שטרן-קטן""]"
647,"[""שבתאי שיכמן""]"
648,"[""צבי שילוח"", ""צבי שילוח (לנגזם)""]"
649,"[""פנחס שינמן""]"
650,"[""דוד שיפמן""]"
651,"[""אברהם שכטרמן""]"
652,"[""אפרים שלום""]"
653,"[""בני שליטא""]"
654,"[""ויקטור שם-טוב""]"
655,"[""יהודית שמחונית""]"
656,"[""משה שמיר""]"
657,"[""חביב שמעוני""]"
658,"[""יהודה שערי"", ""יהודה שערי (שויירמן)""]"
659,"[""גרשון שפט"", ""גרשון שפט (שטאוב)""]"
660,"[""אריה שפטל""]"
661,"[""אליהו שפייזר""]"
663,"[""חיים משה שפירא""]"
665,"[""יעקב-שמשון שפירא"", ""יעקב שמשון שפירא""]"
666,"[""זאב שפר (פיינשטיין)"", ""זאב שפר""]"
667,"[""יאיר שפרינצק""]"
668,"[""יוסף שפרינצק""]"
669,"[""ראובן שרי (שרייבמן)"", ""ראובן שרי""]"
670,"[""אברהם שריר""]"
671,"[""זאב שרף""]"
672,"[""משה שרת (שרתוק)"", ""משה שרת""]"
673,"[""אליהו ששון""]"
674,"[""בנימין (צאלח) ששון (סילס)"", ""בנימין ששון-סילס""]"
675,"[""אפרים תבורי"", ""אפרים תבורי (פופיק)""]"
676,"[""אמה תלמי (לוין)"", ""אמה תלמי""]"
677,"[""מאיר תלמי""]"
678,"[""יוסף תמיר (קבנצל)"", ""יוסף תמיר""]"
679,"[""שמואל תמיר (כצנלסון)"", ""שמואל תמיר""]"
680,"[""יצחק בן-צבי"", ""יצחק בן-צבי (שימשלביץ)""]"
681,"[""שניאור זלמן שזר (רובשוב)"", ""זלמן שזר""]"
682,"[""יגאל אלון (פייקוביץ)"", ""יגאל אלון""]"
683,"[""לוי אשכול (שקולניק)"", ""לוי אשכול""]"
684,"[""דוד בן-גוריון (גרין)"", ""דוד בן-גוריון""]"
685,"[""גולדה מאיר"", ""גולדה מאיר (מאירסון)""]"
686,"[""מנחם פרוש""]"
687,"[""יצחק נבון""]"
688,"[""משה דיין""]"
690,"[""עזר ויצמן""]"
692,"[""מנחם בגין""]"
693,"[""פנחס שומר""]"
694,"[""צביקה ניר"", ""צבי ניר""]"
695,"[""יובל שטיניץ"", ""יובל שטייניץ""]"
696,"[""נחום לנגנטל""]"
697,"[""יולי תמיר""]"
698,"[""יעקב מאיר גרי"", ""יעקב (מאיר) גרי""]"
699,"[""חיים כהן""]"
700,"[""יעקב משה טולדאנו"", ""יעקב משה טולידאנו""]"
701,"[""אריה דולצ`ין"", ""אריה דולצ'ין""]"
702,"[""ישראל כץ""]"
703,"[""יוסף שפירא""]"
704,"[""קולט אביטל""]"
705,"[""יהודה עמיטל""]"
706,"[""יעקב נאמן""]"
707,"[""יצחק גרינבוים""]"
708,"[""מוסי רז""]"
709,"[""מרדכי משעני"", ""מרדכי (מוטי) משעני""]"
710,"[""אשר אוחנה""]"
711,"[""נחמה רונן""]"
712,"[""יחיאל לסרי""]"
713,"[""אורי אריאל"", ""אורי יהודה אריאל"", ""יהודה אורי הכהן אריאל""]"
714,"[""אלי כהן""]"
715,"[""אפי איתם""]"
716,"[""יהודה גלעד""]"
717,"[""אורית נוקד""]"
718,"[""צלי רשף""]"
719,"[""עוזי אבן""]"
720,"[""שאול מופז""]"
722,"[""פנחס צברי""]"
723,"[""גילה גמליאל""]"
724,"[""רוחמה אברהם-בלילא"", ""רוחמה אברהם בלילא""]"
725,"[""גדעון סער""]"
726,"[""דניאל בנלולו""]"
727,"[""מגלי והבה""]"
728,"[""יעקב אדרי""]"
729,"[""אהוד יתום""]"
730,"[""אלי אפללו""]"
731,"[""משה כחלון""]"
732,"[""עמרי שרון""]"
733,"[""מיכאל גורלובסקי""]"
734,"[""גלעד ארדן"", ""גילעד ארדן""]"
735,"[""רוני בר-און""]"
736,"[""ענבל גבריאלי""]"
737,"[""יחיאל חזן""]"
738,"[""לאה נס""]"
739,"[""עמרם מצנע""]"
740,"[""בוזי הרצוג"", ""יצחק הרצוג""]"
741,"[""דני יתום""]"
742,"[""אילן שלגי""]"
743,"[""מל פולישוק-בלוך"", ""מלי פולישוק-בלוך""]"
744,"[""רשף חן""]"
745,"[""רוני (אהרן) בריזון"", ""רוני בריזון""]"
746,"[""אהוד רצאבי""]"
747,"[""אתי לבני""]"
748,"[""אילן ליבוביץ""]"
749,"[""חמי דורון""]"
750,"[""יגאל יאסינוב""]"
751,"[""יעקב מרגי"", ""יעקוב מרגי""]"
752,"[""אריה אלדד""]"
753,"[""גילה פינקלשטיין""]"
754,"[""אייכלר ישראל יצחק"", ""ישראל אייכלר"", ""ישראל איכלר""]"
755,"[""אילנה כהן""]"
756,"[""ג'מאל זחאלקה"", ""גמאל זחאלקה"", ""ג׳מל זחאלקה"", ""ג׳מל זחלקה"", ""ג`מאל זחאלקה"", ""ג׳אמל זחאלקה"", ""ג׳מאל זחלקה"", ""ג׳אמל זחלקה""]"
757,"[""ואסל טאהא""]"
758,"[""ראלב מג`אדלה"", ""גאלב מג'אדלה""]"
759,"[""אראלה גולן""]"
760,"[""פנינה רוזנבלום""]"
761,"[""טובה אילן""]"
762,"[""רונן צור""]"
763,"[""דני קורן""]"
764,"[""אסתרינה טרטמן""]"
765,"[""אורנה אנג'ל"", ""אורנה אנג`ל""]"
766,"[""נטע דוברין""]"
767,"[""מנחם בן-ששון""]"
768,"[""זאב אלקין""]"
769,"[""שלמה ברזניץ""]"
770,"[""עמירה דותן""]"
771,"[""אבי (משה) דיכטר"", ""אבי דיכטר"", ""אברהם דיכטר""]"
772,"[""יואל חסון""]"
773,"[""אביגדור יצחקי""]"
774,"[""רונית תירוש""]"
775,"[""אוריאל רייכמן""]"
776,"[""עתניאל שנלר""]"
777,"[""יצחק זיו""]"
778,"[""עבאס זכור""]"
779,"[""נאדיה חילו""]"
780,"[""דוב חנין"", ""דב חנין""]"
781,"[""ישראל חסון""]"
782,"[""שלי יחימוביץ"", ""רחל שלי יחימוביץ'"", ""שלי ייחימוביץ"", ""שלי יחימוביץ׳"", ""שלי יחימוביץ`"", ""שלי יחימוביץ'"", ""שלי ייחימוביץ׳""]"
783,"[""יעקב כהן""]"
784,"[""אברהם מיכאלי""]"
785,"[""אלכס מילר""]"
786,"[""סטס מיסז`ניקוב"", ""סטס מיסז'ניקוב""]"
787,"[""שרה מרום שלו""]"
788,"[""יורם מרציאנו""]"
789,"[""חנא סוייד""]"
790,"[""יצחק אהרונוביץ"", ""יצחק אהרונוביץ'""]"
791,"[""אריאל אטיאס""]"
792,"[""עמיחי אילון""]"
793,"[""רוברט אילטוב"", ""רוברט אלטוב""]"
794,"[""רפי איתן""]"
795,"[""חיים אמסלם""]"
796,"[""יעקב בן-יזרי""]"
797,"[""אבישי ברוורמן""]"
798,"[""אלחנן גלזר""]"
799,"[""יצחק גלנטי""]"
800,"[""אברהים צרצור""]"
801,"[""יוסף שגל""]"
802,"[""ליה שמטוב""]"
803,"[""משה שרוני""]"
804,"[""שי חרמש""]"
805,"[""דוד רותם""]"
806,"[""דניאל פרידמן""]"
807,"[""סעיד נפאע""]"
808,"[""יצחק בן-ישראל"", ""יצחק בן ישראל""]"
809,"[""יוחנן פלסנר""]"
810,"[""שלמה (נגוסה) מולה"", ""שלמה מולה""]"
811,"[""מזור בהיינה""]"
812,"[""שכיב שנאן"", ""שכיב מוראד שנאן""]"
813,"[""לאון ליטינצקי""]"
814,"[""אורי מקלב""]"
815,"[""צביה גרינפילד""]"
816,"[""יהושע מנחם פולק""]"
817,"[""זאב בילסקי""]"
818,"[""נחמן שי""]"
819,"[""רוברט טיבייב""]"
820,"[""רחל אדטו""]"
821,"[""אריה ביבי""]"
822,"[""אורית זוארץ""]"
823,"[""משה יעלון""]"
824,"[""יוסי פלד""]"
825,"[""ציפי חוטובולי"", ""ציפי חטובלי"", ""ציפי חוטובלי""]"
826,"[""יריב לווין"", ""יריב לוין""]"
827,"[""ציון פיניאן""]"
828,"[""דני דנון""]"
829,"[""כרמל שאמה-הכהן"", ""כרמל שאמה הכהן""]"
830,"[""אופיר אקוניס""]"
831,"[""(מרים) מירי רגב"", ""מירי רגב""]"
832,"[""אורלי לוי אבקסיס"", ""אורלי לוי אבוקסיס"", ""אורלי לוי-אבקסיס"", ""אורלי לוי- אבוקסיס""]"
833,"[""דניאל אילון""]"
834,"[""אנסטסיה מיכאלי""]"
835,"[""פניה קירשנבאום"", ""פניה (פאינה) קירשנבאום""]"
836,"[""דניאל בן-סימון""]"
837,"[""חאמד עמאר"", ""חאמד עמר"", ""חמד עמר"", ""חמד עמאר"", ""חאמר עאמר""]"
838,"[""משה מוץ מטלון"", ""משה (מוץ) מטלון""]"
839,"[""מנחם אליעזר מוזס"", ""אליעזר מוזס"", ""מנחם מוזס""]"
840,"[""יעקב כץ"", ""יעקב (כצל`ה) כ”ץ""]"
841,"[""מיכאל בן-ארי""]"
842,"[""עפו אגבאריה""]"
843,"[""ניצן הורוביץ""]"
844,"[""מסעוד גנאים"", ""מסעוד גנאיים""]"
845,"[""אורי אורבך""]"
846,"[""חנין זועבי"", ""חנין זואבי""]"
847,"[""דניאל הרשקוביץ""]"
848,"[""יוליה שמאלוב-ברקוביץ"", ""יוליה שמאלוב ברקוביץ`""]"
849,"[""עינת וילף""]"
850,"[""נינו אבסדזה""]"
851,"[""דורון אביטל""]"
852,"[""אברהם דואן""]"
853,"[""יובל צלנר""]"
854,"[""אקרם חסון"", ""אכרם חסון""]"
855,"[""אחמד דבאח""]"
856,"[""אללי אדמסו""]"
857,"[""טלב אבו עראר"", ""טלב אבו ערר"", ""טאלב אבו-עראר"", ""טאלב אבו ערר"", ""טאלב אבו- ערר"", ""אבו עראר טלב"", ""טלב אבו-עראר"", ""טאלב אבו עראר""]"
859,"[""שמעון אוחיון""]"
860,"[""אלהרר הרטשטיין קארין"", ""קארין אלהרר-הרטשטיין"", ""קרין אלהרר"", ""קארין אלהרר""]"
861,"[""יעקב אשר"", ""אשר יעקב""]"
862,"[""בירן מיכל"", ""מיכל ביראן"", ""מיכל בירן""]"
863,"[""אלי בן-דהן"", ""אלי בן דהן"", ""אלי דהן בן"", ""בן דהן אליהו""]"
864,"[""נפתלי בנט"", ""נפטלי בנט"", ""בנט נפתלי""]"
865,"[""יחיאל חיליק בר"", ""חיליק בר""]"
866,"[""עמר בר לב"", ""עומר בר- לב"", ""עמר בר-לב"", ""עומר בר-לב"", ""עומר בר לב""]"
867,"[""באסל גטאס""]"
868,"[""יעל גרמן"", ""גרמן יעל""]"
869,"[""רונן הופמן""]"
870,"[""אבי וורצמן"", ""אברהם וורצמן""]"
871,"[""תמי זנדברג"", ""תמר זנדברג"", ""זנדברג תמר""]"
872,"[""בועז טופורובסקי""]"
873,"[""מרדכי יוגב"", ""מורדכי יוגב"", ""יוגב מרדכי"", ""מוטי יוגב""]"
874,"[""מאיר כוהן"", ""מאיר כהן"", ""כהן מאיר""]"
875,"[""לביא עליזה"", ""עליסה לביא"", ""עליזה לביא""]"
876,"[""מיכאל לוי"", ""מיקי לוי"", ""לוי מיקי""]"
877,"[""דב ליפמן""]"
878,"[""יאיר לפיד"", ""לפיד יאיר""]"
879,"[""שולי מועלם"", ""שולי מועלם רפאלי"", ""שולי מועלם-רפאלי"", ""מועלם-רפאלי שולי"", ""שולי רפאלי""]"
880,"[""משה מזרחי""]"
881,"[""מיכאלי מירב"", ""מירב מיכאלי"", ""מרב מיכאלי""]"
882,"[""הראל מרגלית"", ""מרגלית נחום אראל"", ""אראל מרגלית""]"
883,"[""שמעון סולומון""]"
884,"[""אורית סטרוק""]"
885,"[""משה זלמן פייגלין""]"
886,"[""שי פירון""]"
887,"[""פרי יעקב"", ""יעקב פרי""]"
888,"[""עיסאווי פריג"", ""פריג` עיסווי"", ""עיסווי פריג`"", ""עיסאווי פריג'"", ""עיסאוי פריג"", ""עיסווי פריג"", ""עיסאווי פריג`""]"
889,"[""רינה פרנקל""]"
890,"[""דוד צור""]"
891,"[""עדי קול""]"
892,"[""רות קלדרון""]"
893,"[""זבולון כלפה""]"
894,"[""יפעת קריב""]"
895,"[""רוזין מיכל"", ""מיכל רוזין""]"
896,"[""מיכאל רוזנטל"", ""מיקי רוזנטל"", ""מיקי מיכאל משה רוזנטל""]"
897,"[""רזבוגוב יואל"", ""יואל רזובוז"", ""יואל רזבוזוב"", ""קונסטנטין יואל רזבוזוב""]"
898,"[""יוני שטבון""]"
899,"[""שטרן אלעזר"", ""אלעזר שטרן""]"
900,"[""עפר שלח"", ""שלח עפר"", ""עופר שלח""]"
901,"[""איציק יצחק שמולי"", ""שמולי יצחק"", ""איציק שמולי""]"
902,"[""יאיר שמיר""]"
903,"[""סתו שפיר"", ""סתיו שפיר"", ""שפיר סתיו""]"
904,"[""איילת שקד"", ""איילת בן-שאול שקד"", ""אילת שקד"", ""איילת בן-שאול"", ""שקד איילת""]"
905,"[""פנינה תמנו-שטה"", ""פנינה תמנו""]"
906,"[""יואב בן-צור"", ""בן צור יואב"", ""יואב בן צור""]"
907,"[""ליאור אדרי""]"
908,"[""הלל אילן הורוביץ""]"
909,"[""עבדאללה אבו מערוף""]"
910,"[""מייקל אורן"", ""מיכאל אורן"", ""מיכאל מייקל ב. אורן""]"
911,"[""אלי אל-אלוף"", ""אלי אלאלוף"", ""אלי אללוף"", ""אלי אל אלוף""]"
912,"[""דויד אמסלם"", ""דוד אמסלם""]"
913,"[""זוהר בהלול"", ""זוהיר בהלול""]"
914,"[""דוד ביתן"", ""דוד ביטן"", ""דויד ביטן""]"
915,"[""מירב  בן-ארי"", ""מירב בן ארי"", ""מרב בן-ארי"", ""מירב בן-ארי"", ""מרב בן ארי""]"
916,"[""אייל בן ראובן"", ""איל בן-ראובן"", ""איל בן - ראובן"", ""אייל בן - ראובן"", ""איל בן ראובן"", ""אייל בן-ראובן""]"
917,"[""איתן ברושי""]"
918,"[""ענת ברקו""]"
919,"[""יוסף ג'בארין"", ""יוסף גברין"", ""יוסף ג`בארין"", ""יוסף גבארין"", ""יוסף ג`אברין"", ""יוסף ג'וברין""]"
920,"[""שרון גל""]"
921,"[""יואב גלנט""]"
922,"[""מיקי זוהר"", ""מכלוף מיקי זוהר"", ""מכלוף זוהר"", ""מכלוף מיקי"", ""מיקי זהר""]"
923,"[""עבד אל-חכים חאג` יחיא"", ""עבד אל חכים חאג` יחיא"", ""עבד אל-חכים חאג'-יחיא"", ""עבד אלחכים חאג'-יחיא"", ""עבד אל חכים חאג'-יחיא"", ""עבד אלחכים חאג`-יחיא"", ""עבד אלחכים חאג` יחיא"", ""עבד אל חכים חאג`-יחיא"", ""עבד אל חכים חאג' יחיא"", ""עבד אלחכים חאג' יחיא""]"
924,"[""אורן אסף חזן""]"
925,"[""מנואל טרכטנברג"", ""עמנואל טרכטנברג""]"
926,"[""יוסי יונה""]"
927,"[""חיים ילין""]"
928,"[""אלי כהן""]"
929,"[""זקי לוי"", ""ז'קי לוי"", ""ז`קי לוי"", ""גקי לוי"", ""ג'קי לוי""]"
930,"[""ינון מגל""]"
931,"[""ירון מזוז""]"
932,"[""אברהם נאגוסה"", ""אברהם נגוסה""]"
933,"[""איילת נחמיאס ורבין"", ""אילת נחמיאס-ורבין"", ""איילת נחמיאס-ורבין"", ""אילת נחמיאס ורבין""]"
934,"[""קסניה סבטלובה"", ""קסנייה סבטלובה""]"
935,"[""רויטל סויד"", ""רויטל סואיד"", ""רויטל סוויד"", ""רויטל סועיד""]"
936,"[""בצלאל סמוטריץ'"", ""בצלאל סמוטריץ""]"
937,"[""אוסאמה סעדי"", ""אוסמה סעדי"", ""אוסאמה סאדי"", ""אוסאמה סדי""]"
938,"[""איימן אודה"", ""אימן עודה"", ""איימן עודה"", ""אימן אודה""]"
939,"[""רחל עזריא"", ""רחל עזריה"", ""רחל עזרייה"", ""רחלי עזריה""]"
940,"[""דניאל עטר""]"
941,"[""רועי פלקמן"", ""רואי פולקמן"", ""רוי פולקמן"", ""רועי פולקמן""]"
942,"[""טלי פלסקוב"", ""טלי פלוסקוב""]"
943,"[""נווה בוקר"", ""נאווה בוקר"", ""נאוה בוקר"", ""נאוה בקר"", ""נאווה בקר""]"
944,"[""נורית קורן""]"
945,"[""יואב קיש""]"
946,"[""יפעת שאשא ביטון"", ""יפעת שאשא - ביטון"", ""יפעת שאשא-ביטון"", ""יפעת ביטון"", ""יפעת שאשא""]"
948,"[""עיידה תומא סלימאן"", ""עידה תומא סלימאן"", ""עאידה תומה סלימאן"", ""עאידה תומא סלימן"", ""עאידה תומא סלימאן""]"
949,"[""אבי גבאי""]"
950,"[""שרן השקל"", ""שרן השכל"", ""שרן הסכל"", ""שרן הסקל""]"
951,"[""עודד פורר""]"
952,"[""יעל כהן-פרן"", ""יעל כהן פארן"", ""יעל כהן פרן"", ""יעל כהן-פארן""]"
953,"[""אמיר אוחנה""]"
954,"[""יגאל גואטה"", ""ניסן גואטה"", ""ניסן יגאל גואטה""]"
955,"[""יהודה גליק"", ""יהודה יהושע גליק""]"
956,"[""יוליה מלינובסקי""]"
957,"[""מיכאל מלכיאלי""]"
958,"[""ג'מעה אזברגה""]"
959,"[""סעיד אלחרומי""]"
960,"[""דן סידה""]"
961,"[""אבראהים חג'אזי""]"
962,"[""סאלח סעד""]"
963,"[""לאה פדידה""]"
964,"[""יוסף עטאונה""]"
968,"[""ואאל יונס""]"
970,"[""ינון אזולאי""]"
971,"[""ניבין אבו רחמון""]"
